[
  [
    {
      "__type__": "cc.SceneAsset",
      "_name": "main",
      "scene": {
        "__id__": 1
      },
      "asyncLoadAssets": false
    },
    {
      "__type__": "cc.Scene",
      "_name": "New Node",
      "_children": [
        {
          "__id__": 2
        }
      ],
      "_anchorPoint": {
        "__type__": "cc.Vec2"
      },
      "autoReleaseAssets": false
    },
    {
      "__type__": "cc.Node",
      "_name": "Canvas",
      "_parent": {
        "__id__": 1
      },
      "_children": [
        {
          "__id__": 3
        },
        {
          "__id__": 4
        },
        {
          "__id__": 6
        },
        {
          "__id__": 7
        },
        {
          "__id__": 8
        },
        {
          "__id__": 9
        },
        {
          "__id__": 11
        }
      ],
      "_components": [
        {
          "__type__": "cc.Canvas",
          "node": {
            "__id__": 2
          }
        },
        {
          "__type__": "efa0fyvDW9JFq2DvG55ZqpQ",
          "node": {
            "__id__": 2
          },
          "floorGap": 120,
          "bottomFloorY": 237,
          "otherFloor": {
            "__uuid__": "aci5dXwSJLkpDG8rIlfWU1"
          },
          "initFloor": {
            "__id__": 3
          },
          "player": {
            "__id__": 4
          },
          "counters": {
            "__id__": 10
          },
          "backgroundAudioSource": {
            "__uuid__": "d7bH6eVn5KrINR7oK0mMSI"
          }
        },
        {
          "__type__": "cc.RigidBody",
          "node": {
            "__id__": 2
          },
          "_type": 0,
          "enabledContactListener": true
        },
        {
          "__type__": "cc.PhysicsChainCollider",
          "node": {
            "__id__": 2
          },
          "points": [
            {
              "__type__": "cc.Vec2",
              "x": -480,
              "y": -320
            },
            {
              "__type__": "cc.Vec2",
              "x": -480,
              "y": 320
            },
            {
              "__type__": "cc.Vec2",
              "x": 480,
              "y": 320
            },
            {
              "__type__": "cc.Vec2",
              "x": 480,
              "y": -320
            }
          ]
        }
      ],
      "_id": "a8e51Nbi/dBIL0jE///XwME",
      "_contentSize": {
        "__type__": "cc.Size",
        "width": 960,
        "height": 640
      },
      "_position": {
        "__type__": "cc.Vec2",
        "x": 480,
        "y": 320
      },
      "groupIndex": 1
    },
    {
      "__type__": "cc.Node",
      "_name": "Floor",
      "_parent": {
        "__id__": 2
      },
      "_components": [
        {
          "__type__": "cc.Sprite",
          "node": {
            "__id__": 3
          },
          "_spriteFrame": {
            "__uuid__": "9bTCaxzXJKCqV1PsErKPFl"
          },
          "_sizeMode": 0
        },
        {
          "__type__": "d00f9JwtYlFD4fK42Es2sYv",
          "node": {
            "__id__": 3
          }
        },
        {
          "__type__": "cc.RigidBody",
          "node": {
            "__id__": 3
          },
          "_type": 0,
          "enabledContactListener": true
        },
        {
          "__type__": "cc.PhysicsBoxCollider",
          "node": {
            "__id__": 3
          },
          "_friction": 0,
          "_restitution": 0.2,
          "_offset": {
            "__type__": "cc.Vec2",
            "x": 2,
            "y": 1
          },
          "_size": {
            "__type__": "cc.Size",
            "width": 170,
            "height": 5
          }
        }
      ],
      "_prefab": {
        "__type__": "cc.PrefabInfo",
        "root": {
          "__id__": 3
        },
        "asset": {
          "__uuid__": "aci5dXwSJLkpDG8rIlfWU1"
        },
        "fileId": "f912bADmbtDw7d7fEvDsSiC"
      },
      "_contentSize": {
        "__type__": "cc.Size",
        "width": 187,
        "height": 9
      },
      "_position": {
        "__type__": "cc.Vec2",
        "x": -309,
        "y": 62
      }
    },
    {
      "__type__": "cc.Node",
      "_name": "Player",
      "_parent": {
        "__id__": 2
      },
      "_children": [
        {
          "__id__": 5
        }
      ],
      "_components": [
        {
          "__type__": "cc.Sprite",
          "node": {
            "__id__": 4
          },
          "_spriteFrame": {
            "__uuid__": "a2Tug8GrRFdrIZfuPy4Ate"
          },
          "_sizeMode": 0
        },
        {
          "__type__": "93f33vjOIdMU6wSJmoj2IOa",
          "node": {
            "__id__": 4
          },
          "jumpLevel": 3,
          "fromFloorHeight": 0,
          "currentFloor": {
            "__id__": 3
          },
          "jumpAudioSource": {
            "__uuid__": "fb2AzQ1+VLLKwTr02HUrip"
          },
          "landAudioSource": {
            "__uuid__": "e4lj2LSlJCbq7or5fGapWV"
          },
          "chaosAudioSource": {
            "__uuid__": "9cp8FTE+dLkqpPjpIRY2dV"
          },
          "rageAudioSource": {
            "__uuid__": "d8l9008kxI5Z3S4//m3aUY"
          },
          "deadAudioSource": {
            "__uuid__": "b27UlcPeVDo46PCYr4rxUy"
          }
        },
        {
          "__type__": "cc.RigidBody",
          "node": {
            "__id__": 4
          },
          "_allowSleep": false,
          "_fixedRotation": true,
          "enabledContactListener": true
        },
        {
          "__type__": "cc.PhysicsBoxCollider",
          "node": {
            "__id__": 4
          },
          "_density": 30,
          "_offset": {
            "__type__": "cc.Vec2",
            "y": 44
          },
          "_size": {
            "__type__": "cc.Size",
            "width": 63,
            "height": 98
          }
        },
        {
          "__type__": "cc.Animation",
          "node": {
            "__id__": 4
          },
          "_defaultClip": {
            "__uuid__": "0ckzFMouBJW5WJcUGLgz+6"
          },
          "_clips": [
            {
              "__uuid__": "0ckzFMouBJW5WJcUGLgz+6"
            }
          ],
          "playOnLoad": true
        }
      ],
      "_anchorPoint": {
        "__type__": "cc.Vec2",
        "x": 0.48691628312371765,
        "y": 0.030960619014237953
      },
      "_contentSize": {
        "__type__": "cc.Size",
        "width": 63,
        "height": 95
      },
      "_position": {
        "__type__": "cc.Vec2",
        "x": -310,
        "y": 67
      }
    },
    {
      "__type__": "cc.Node",
      "_name": "Status",
      "_parent": {
        "__id__": 4
      },
      "_active": false,
      "_components": [
        {
          "__type__": "cc.Sprite",
          "node": {
            "__id__": 5
          },
          "_sizeMode": 0
        }
      ],
      "_contentSize": {
        "__type__": "cc.Size",
        "width": 62.9,
        "height": 61.2
      },
      "_position": {
        "__type__": "cc.Vec2",
        "x": -39,
        "y": 120.1
      },
      "groupIndex": 2
    },
    {
      "__type__": "cc.Node",
      "_name": "LeftGround",
      "_parent": {
        "__id__": 2
      },
      "_components": [
        {
          "__type__": "cc.Sprite",
          "node": {
            "__id__": 6
          },
          "_spriteFrame": {
            "__uuid__": "88IVworpFHkqfjRMnUxkvX"
          },
          "_sizeMode": 0
        },
        {
          "__type__": "cc.RigidBody",
          "node": {
            "__id__": 6
          },
          "_type": 0,
          "enabledContactListener": true
        },
        {
          "__type__": "cc.PhysicsBoxCollider",
          "node": {
            "__id__": 6
          },
          "tag": 1,
          "_size": {
            "__type__": "cc.Size",
            "width": 631,
            "height": 12
          }
        }
      ],
      "_contentSize": {
        "__type__": "cc.Size",
        "width": 631,
        "height": 12
      },
      "_rotationX": -90,
      "_rotationY": -90,
      "_position": {
        "__type__": "cc.Vec2",
        "x": -478
      },
      "groupIndex": 1
    },
    {
      "__type__": "cc.Node",
      "_name": "RightGround",
      "_parent": {
        "__id__": 2
      },
      "_components": [
        {
          "__type__": "cc.Sprite",
          "node": {
            "__id__": 7
          },
          "_spriteFrame": {
            "__uuid__": "88IVworpFHkqfjRMnUxkvX"
          },
          "_sizeMode": 0
        },
        {
          "__type__": "cc.RigidBody",
          "node": {
            "__id__": 7
          },
          "_type": 0,
          "enabledContactListener": true
        },
        {
          "__type__": "cc.PhysicsBoxCollider",
          "node": {
            "__id__": 7
          },
          "tag": 1,
          "_size": {
            "__type__": "cc.Size",
            "width": 631,
            "height": 12
          }
        }
      ],
      "_contentSize": {
        "__type__": "cc.Size",
        "width": 631,
        "height": 12
      },
      "_rotationX": -90,
      "_rotationY": -90,
      "_position": {
        "__type__": "cc.Vec2",
        "x": 471,
        "y": -3
      },
      "groupIndex": 1
    },
    {
      "__type__": "cc.Node",
      "_name": "TopGround",
      "_parent": {
        "__id__": 2
      },
      "_components": [
        {
          "__type__": "cc.Sprite",
          "node": {
            "__id__": 8
          },
          "_spriteFrame": {
            "__uuid__": "88IVworpFHkqfjRMnUxkvX"
          },
          "_sizeMode": 0
        },
        {
          "__type__": "cc.RigidBody",
          "node": {
            "__id__": 8
          },
          "_type": 0,
          "enabledContactListener": true
        },
        {
          "__type__": "cc.PhysicsBoxCollider",
          "node": {
            "__id__": 8
          },
          "tag": 1,
          "_size": {
            "__type__": "cc.Size",
            "width": 957,
            "height": 12
          }
        }
      ],
      "_contentSize": {
        "__type__": "cc.Size",
        "width": 957,
        "height": 12
      },
      "_position": {
        "__type__": "cc.Vec2",
        "y": 313
      },
      "groupIndex": 1
    },
    {
      "__type__": "cc.Node",
      "_name": "Counters",
      "_parent": {
        "__id__": 2
      },
      "_components": [
        {
          "__id__": 10
        }
      ],
      "_contentSize": {
        "__type__": "cc.Size",
        "width": 166.74,
        "height": 40
      },
      "_position": {
        "__type__": "cc.Vec2",
        "x": 574,
        "y": 234
      }
    },
    {
      "__type__": "cc.Label",
      "node": {
        "__id__": 9
      },
      "_useOriginalSize": false,
      "_N$string": "Score：0",
      "_N$horizontalAlign": 1,
      "_N$verticalAlign": 1
    },
    {
      "__type__": "cc.Node",
      "_name": "BottomGround",
      "_parent": {
        "__id__": 2
      },
      "_components": [
        {
          "__type__": "cc.Sprite",
          "node": {
            "__id__": 11
          },
          "_spriteFrame": {
            "__uuid__": "88IVworpFHkqfjRMnUxkvX"
          },
          "_sizeMode": 0
        },
        {
          "__type__": "cc.RigidBody",
          "node": {
            "__id__": 11
          },
          "_type": 0,
          "enabledContactListener": true
        },
        {
          "__type__": "cc.PhysicsBoxCollider",
          "node": {
            "__id__": 11
          },
          "tag": 1,
          "_size": {
            "__type__": "cc.Size",
            "width": 957,
            "height": 12
          }
        }
      ],
      "_contentSize": {
        "__type__": "cc.Size",
        "width": 957,
        "height": 12
      },
      "_position": {
        "__type__": "cc.Vec2",
        "x": -4,
        "y": -314
      },
      "groupIndex": 1
    }
  ],
  {
    "__type__": "cc.SpriteFrame",
    "content": {
      "name": "ground",
      "texture": "fdJJTTRJdOb4E2ogCt9RKC",
      "rect": [
        0,
        0,
        256,
        256
      ],
      "offset": [
        0,
        0
      ],
      "originalSize": [
        256,
        256
      ]
    }
  },
  {
    "__type__": "cc.SpriteFrame",
    "content": {
      "name": "floor-long",
      "texture": "00fsGK95tPTbjIGCrfW2WV",
      "rect": [
        0,
        0,
        285,
        62
      ],
      "offset": [
        0,
        0
      ],
      "originalSize": [
        285,
        62
      ]
    }
  },
  {
    "__type__": "cc.SpriteFrame",
    "content": {
      "name": "player",
      "texture": "f662oBUylFM7N50j3uMXfg",
      "rect": [
        4,
        5,
        442,
        620
      ],
      "offset": [
        -0.5,
        -2
      ],
      "originalSize": [
        451,
        626
      ]
    }
  }
]