[
  [
    {
      "__type__": "cc.Prefab",
      "_name": "Player",
      "data": {
        "__id__": 1
      },
      "asyncLoadAssets": false
    },
    {
      "__type__": "cc.Node",
      "_name": "Player",
      "_children": [
        {
          "__id__": 2
        }
      ],
      "_components": [
        {
          "__type__": "cc.Sprite",
          "node": {
            "__id__": 1
          },
          "_spriteFrame": {
            "__uuid__": "a2Tug8GrRFdrIZfuPy4Ate"
          },
          "_sizeMode": 0
        },
        {
          "__type__": "93f33vjOIdMU6wSJmoj2IOa",
          "node": {
            "__id__": 1
          },
          "jumpLevel": 3,
          "fromFloorHeight": 0,
          "jumpAudioSource": {
            "__uuid__": "fb2AzQ1+VLLKwTr02HUrip"
          },
          "landAudioSource": {
            "__uuid__": "e4lj2LSlJCbq7or5fGapWV"
          },
          "chaosAudioSource": {
            "__uuid__": "9cp8FTE+dLkqpPjpIRY2dV"
          },
          "rageAudioSource": {
            "__uuid__": "d8l9008kxI5Z3S4//m3aUY"
          },
          "deadAudioSource": {
            "__uuid__": "b27UlcPeVDo46PCYr4rxUy"
          }
        },
        {
          "__type__": "cc.RigidBody",
          "node": {
            "__id__": 1
          },
          "_allowSleep": false,
          "_fixedRotation": true,
          "enabledContactListener": true
        },
        {
          "__type__": "cc.PhysicsBoxCollider",
          "node": {
            "__id__": 1
          },
          "_density": 30,
          "_offset": {
            "__type__": "cc.Vec2",
            "y": 44
          },
          "_size": {
            "__type__": "cc.Size",
            "width": 63,
            "height": 98
          }
        },
        {
          "__type__": "cc.Animation",
          "node": {
            "__id__": 1
          },
          "_defaultClip": {
            "__uuid__": "0ckzFMouBJW5WJcUGLgz+6"
          },
          "_clips": [
            {
              "__uuid__": "0ckzFMouBJW5WJcUGLgz+6"
            }
          ],
          "playOnLoad": true
        }
      ],
      "_prefab": {
        "__type__": "cc.PrefabInfo",
        "root": {
          "__id__": 1
        },
        "asset": {
          "__id__": 0
        },
        "fileId": "b1fb8SZ9HdNmqJ6xaNsCOdc"
      },
      "_anchorPoint": {
        "__type__": "cc.Vec2",
        "x": 0.48691628312371765,
        "y": 0.030960619014237953
      },
      "_contentSize": {
        "__type__": "cc.Size",
        "width": 63,
        "height": 95
      },
      "_position": {
        "__type__": "cc.Vec2",
        "x": -310,
        "y": 70
      }
    },
    {
      "__type__": "cc.Node",
      "_name": "Status",
      "_parent": {
        "__id__": 1
      },
      "_active": false,
      "_components": [
        {
          "__type__": "cc.Sprite",
          "node": {
            "__id__": 2
          },
          "_sizeMode": 0
        }
      ],
      "_prefab": {
        "__type__": "cc.PrefabInfo",
        "root": {
          "__id__": 1
        },
        "asset": {
          "__id__": 0
        },
        "fileId": "4d7b8CWNm1LnbOkB8PzJwCQ"
      },
      "_contentSize": {
        "__type__": "cc.Size",
        "width": 62.9,
        "height": 61.2
      },
      "_position": {
        "__type__": "cc.Vec2",
        "x": -39,
        "y": 120.1
      },
      "groupIndex": 2
    }
  ],
  {
    "__type__": "cc.SpriteFrame",
    "content": {
      "name": "player",
      "texture": "f662oBUylFM7N50j3uMXfg",
      "rect": [
        4,
        5,
        442,
        620
      ],
      "offset": [
        -0.5,
        -2
      ],
      "originalSize": [
        451,
        626
      ]
    }
  }
]