[
  {
    "__type__": "cc.SpriteFrame",
    "content": {
      "name": "floor-long",
      "texture": "00fsGK95tPTbjIGCrfW2WV",
      "rect": [
        0,
        0,
        285,
        62
      ],
      "offset": [
        0,
        0
      ],
      "originalSize": [
        285,
        62
      ]
    }
  },
  [
    {
      "__type__": "cc.Prefab",
      "_name": "Floor",
      "data": {
        "__id__": 1
      },
      "asyncLoadAssets": false
    },
    {
      "__type__": "cc.Node",
      "_name": "Floor",
      "_components": [
        {
          "__type__": "cc.Sprite",
          "node": {
            "__id__": 1
          },
          "_spriteFrame": {
            "__uuid__": "9bTCaxzXJKCqV1PsErKPFl"
          },
          "_sizeMode": 0
        },
        {
          "__type__": "d00f9JwtYlFD4fK42Es2sYv",
          "node": {
            "__id__": 1
          }
        },
        {
          "__type__": "cc.RigidBody",
          "node": {
            "__id__": 1
          },
          "_type": 0,
          "enabledContactListener": true
        },
        {
          "__type__": "cc.PhysicsBoxCollider",
          "node": {
            "__id__": 1
          },
          "_friction": 0,
          "_restitution": 0.2,
          "_offset": {
            "__type__": "cc.Vec2",
            "x": 3
          },
          "_size": {
            "__type__": "cc.Size",
            "width": 187,
            "height": 1
          }
        }
      ],
      "_prefab": {
        "__type__": "cc.PrefabInfo",
        "root": {
          "__id__": 1
        },
        "asset": {
          "__id__": 0
        },
        "fileId": "f912bADmbtDw7d7fEvDsSiC"
      },
      "_contentSize": {
        "__type__": "cc.Size",
        "width": 187,
        "height": 9
      },
      "_position": {
        "__type__": "cc.Vec2",
        "x": -309,
        "y": 62
      }
    }
  ]
]