[
  {
    "__type__": "cc.SpriteFrame",
    "content": {
      "name": "default_btn_disabled",
      "texture": "71VhFCTINJM6/Ky3oX9nBT",
      "rect": [
        0,
        0,
        40,
        40
      ],
      "offset": [
        0,
        0
      ],
      "originalSize": [
        40,
        40
      ],
      "capInsets": [
        15,
        7,
        15,
        9
      ]
    }
  },
  [
    {
      "__type__": "cc.SceneAsset",
      "_name": "credits",
      "scene": {
        "__id__": 1
      },
      "asyncLoadAssets": false
    },
    {
      "__type__": "cc.Scene",
      "_name": "New Node",
      "_children": [
        {
          "__id__": 2
        }
      ],
      "_anchorPoint": {
        "__type__": "cc.Vec2"
      },
      "autoReleaseAssets": false
    },
    {
      "__type__": "cc.Node",
      "_name": "Canvas",
      "_parent": {
        "__id__": 1
      },
      "_children": [
        {
          "__id__": 3
        },
        {
          "__id__": 4
        }
      ],
      "_components": [
        {
          "__type__": "cc.Canvas",
          "node": {
            "__id__": 2
          }
        }
      ],
      "_id": "5ea76e91mxBB7J3liZ1GE1L",
      "_contentSize": {
        "__type__": "cc.Size",
        "width": 960,
        "height": 640
      },
      "_position": {
        "__type__": "cc.Vec2",
        "x": 480,
        "y": 320
      }
    },
    {
      "__type__": "cc.Node",
      "_name": "Introducion",
      "_parent": {
        "__id__": 2
      },
      "_components": [
        {
          "__type__": "cc.Label",
          "node": {
            "__id__": 3
          },
          "_useOriginalSize": false,
          "_lineHeight": 80,
          "_N$string": "Art\n       水口技术员\n        李不炎\nPragramming\n       David Zhou",
          "_N$verticalAlign": 1
        }
      ],
      "_contentSize": {
        "__type__": "cc.Size",
        "width": 282.34,
        "height": 400
      },
      "_position": {
        "__type__": "cc.Vec2",
        "x": 5,
        "y": 59
      }
    },
    {
      "__type__": "cc.Node",
      "_name": "ReturnMainMenu",
      "_parent": {
        "__id__": 2
      },
      "_children": [
        {
          "__id__": 5
        }
      ],
      "_components": [
        {
          "__type__": "cc.Sprite",
          "node": {
            "__id__": 4
          },
          "_spriteFrame": {
            "__uuid__": "f0BIwQ8D5Ml7nTNQbh1YlS"
          },
          "_type": 1,
          "_sizeMode": 0
        },
        {
          "__type__": "cc.Button",
          "node": {
            "__id__": 4
          },
          "transition": 2,
          "pressedColor": {
            "__type__": "cc.Color",
            "r": 255,
            "g": 255,
            "b": 255
          },
          "pressedSprite": {
            "__uuid__": "e97GVMl6JHh5Ml5qEDdSGa"
          },
          "hoverSprite": {
            "__uuid__": "e97GVMl6JHh5Ml5qEDdSGa"
          },
          "clickEvents": [
            {
              "__type__": "cc.ClickEvent",
              "target": {
                "__id__": 4
              },
              "component": "mainMenuBtn",
              "handler": "reutnMainMenu"
            }
          ],
          "_N$normalColor": {
            "__type__": "cc.Color",
            "r": 255,
            "g": 255,
            "b": 255
          },
          "_N$disabledColor": {
            "__type__": "cc.Color",
            "r": 255,
            "g": 255,
            "b": 255
          },
          "_N$normalSprite": {
            "__uuid__": "f0BIwQ8D5Ml7nTNQbh1YlS"
          },
          "_N$disabledSprite": {
            "__uuid__": "29FYIk+N1GYaeWH/q1NxQO"
          },
          "_N$target": {
            "__id__": 4
          }
        },
        {
          "__type__": "a7b74nWAbxH0reas2rk67Z+",
          "node": {
            "__id__": 4
          }
        }
      ],
      "_contentSize": {
        "__type__": "cc.Size",
        "width": 100,
        "height": 40
      },
      "_position": {
        "__type__": "cc.Vec2",
        "x": 2,
        "y": -237
      }
    },
    {
      "__type__": "cc.Node",
      "_name": "Label",
      "_parent": {
        "__id__": 4
      },
      "_components": [
        {
          "__type__": "cc.Label",
          "node": {
            "__id__": 5
          },
          "_useOriginalSize": false,
          "_actualFontSize": 20,
          "_fontSize": 20,
          "_enableWrapText": false,
          "_N$string": "RETURN",
          "_N$horizontalAlign": 1,
          "_N$verticalAlign": 1,
          "_N$overflow": 1
        }
      ],
      "_color": {
        "__type__": "cc.Color"
      },
      "_contentSize": {
        "__type__": "cc.Size",
        "width": 100,
        "height": 40
      }
    }
  ],
  {
    "__type__": "cc.SpriteFrame",
    "content": {
      "name": "default_btn_pressed",
      "texture": "b4P/PCArtIdIH38t6mlw8Y",
      "rect": [
        0,
        0,
        40,
        40
      ],
      "offset": [
        0,
        0
      ],
      "originalSize": [
        40,
        40
      ],
      "capInsets": [
        11,
        11,
        11,
        7
      ]
    }
  },
  {
    "__type__": "cc.SpriteFrame",
    "content": {
      "name": "default_btn_normal",
      "texture": "e8Ueib+qJEhL6mXAHdnwbi",
      "rect": [
        0,
        0,
        40,
        40
      ],
      "offset": [
        0,
        0
      ],
      "originalSize": [
        40,
        40
      ],
      "capInsets": [
        8,
        11,
        7,
        9
      ]
    }
  }
]