[
  {
    "__type__": "cc.SpriteFrame",
    "content": {
      "name": "default_btn_disabled",
      "texture": "71VhFCTINJM6/Ky3oX9nBT",
      "rect": [
        0,
        0,
        40,
        40
      ],
      "offset": [
        0,
        0
      ],
      "originalSize": [
        40,
        40
      ],
      "capInsets": [
        15,
        7,
        15,
        9
      ]
    }
  },
  [
    {
      "__type__": "cc.SceneAsset",
      "_name": "tutorial",
      "scene": {
        "__id__": 1
      },
      "asyncLoadAssets": false
    },
    {
      "__type__": "cc.Scene",
      "_name": "New Node",
      "_children": [
        {
          "__id__": 2
        }
      ],
      "_anchorPoint": {
        "__type__": "cc.Vec2"
      },
      "autoReleaseAssets": false
    },
    {
      "__type__": "cc.Node",
      "_name": "Canvas",
      "_parent": {
        "__id__": 1
      },
      "_children": [
        {
          "__id__": 3
        },
        {
          "__id__": 4
        },
        {
          "__id__": 6
        },
        {
          "__id__": 7
        },
        {
          "__id__": 9
        }
      ],
      "_components": [
        {
          "__type__": "cc.Canvas",
          "node": {
            "__id__": 2
          }
        },
        {
          "__type__": "5e3f9LcbHNJNopHyWGAVcxd",
          "node": {
            "__id__": 2
          },
          "player": {
            "__id__": 4
          },
          "floor": {
            "__id__": 3
          },
          "floorJump": {
            "__id__": 6
          },
          "tutorialText": {
            "__id__": 10
          }
        }
      ],
      "_id": "1cb6di2wQdPZ52UB/fIjwii",
      "_contentSize": {
        "__type__": "cc.Size",
        "width": 960,
        "height": 640
      },
      "_position": {
        "__type__": "cc.Vec2",
        "x": 480,
        "y": 320
      }
    },
    {
      "__type__": "cc.Node",
      "_name": "Floor",
      "_parent": {
        "__id__": 2
      },
      "_components": [
        {
          "__type__": "cc.Sprite",
          "node": {
            "__id__": 3
          },
          "_spriteFrame": {
            "__uuid__": "9bTCaxzXJKCqV1PsErKPFl"
          },
          "_sizeMode": 0
        },
        {
          "__type__": "d00f9JwtYlFD4fK42Es2sYv",
          "node": {
            "__id__": 3
          },
          "baseRotateAngle": 0,
          "floorBaseSpeed": 0
        },
        {
          "__type__": "cc.RigidBody",
          "node": {
            "__id__": 3
          },
          "_type": 0,
          "_allowSleep": false,
          "enabledContactListener": true
        },
        {
          "__type__": "cc.PhysicsBoxCollider",
          "node": {
            "__id__": 3
          },
          "_offset": {
            "__type__": "cc.Vec2",
            "x": 3
          },
          "_size": {
            "__type__": "cc.Size",
            "width": 187,
            "height": 1
          }
        }
      ],
      "_prefab": {
        "__type__": "cc.PrefabInfo",
        "root": {
          "__id__": 3
        },
        "asset": {
          "__uuid__": "aci5dXwSJLkpDG8rIlfWU1"
        },
        "fileId": "f912bADmbtDw7d7fEvDsSiC"
      },
      "_opacity": 0,
      "_contentSize": {
        "__type__": "cc.Size",
        "width": 187,
        "height": 9
      },
      "_position": {
        "__type__": "cc.Vec2",
        "x": -309,
        "y": 62
      }
    },
    {
      "__type__": "cc.Node",
      "_name": "Player",
      "_parent": {
        "__id__": 2
      },
      "_children": [
        {
          "__id__": 5
        }
      ],
      "_components": [
        {
          "__type__": "cc.Sprite",
          "node": {
            "__id__": 4
          },
          "_spriteFrame": {
            "__uuid__": "a2Tug8GrRFdrIZfuPy4Ate"
          },
          "_sizeMode": 0
        },
        {
          "__type__": "93f33vjOIdMU6wSJmoj2IOa",
          "node": {
            "__id__": 4
          },
          "speed": 0,
          "jumpLevel": 3,
          "fromFloorHeight": 0,
          "currentFloor": {
            "__id__": 3
          },
          "jumpAudioSource": {
            "__uuid__": "fb2AzQ1+VLLKwTr02HUrip"
          },
          "landAudioSource": {
            "__uuid__": "e4lj2LSlJCbq7or5fGapWV"
          },
          "chaosAudioSource": {
            "__uuid__": "9cp8FTE+dLkqpPjpIRY2dV"
          },
          "rageAudioSource": {
            "__uuid__": "d8l9008kxI5Z3S4//m3aUY"
          },
          "deadAudioSource": {
            "__uuid__": "b27UlcPeVDo46PCYr4rxUy"
          }
        },
        {
          "__type__": "cc.RigidBody",
          "node": {
            "__id__": 4
          },
          "_allowSleep": false,
          "_fixedRotation": true,
          "enabledContactListener": true
        },
        {
          "__type__": "cc.PhysicsBoxCollider",
          "node": {
            "__id__": 4
          },
          "_density": 30,
          "_offset": {
            "__type__": "cc.Vec2",
            "y": 44
          },
          "_size": {
            "__type__": "cc.Size",
            "width": 63,
            "height": 98
          }
        },
        {
          "__type__": "cc.Animation",
          "node": {
            "__id__": 4
          },
          "_defaultClip": {
            "__uuid__": "0ckzFMouBJW5WJcUGLgz+6"
          },
          "_clips": [
            {
              "__uuid__": "0ckzFMouBJW5WJcUGLgz+6"
            }
          ],
          "playOnLoad": true
        }
      ],
      "_prefab": {
        "__type__": "cc.PrefabInfo",
        "root": {
          "__id__": 4
        },
        "asset": {
          "__uuid__": "8f1wcNf7RDHoAQ5OeZ06d4"
        },
        "fileId": "b1fb8SZ9HdNmqJ6xaNsCOdc"
      },
      "_opacity": 0,
      "_anchorPoint": {
        "__type__": "cc.Vec2",
        "x": 0.48691628312371765,
        "y": 0.030960619014237953
      },
      "_contentSize": {
        "__type__": "cc.Size",
        "width": 63,
        "height": 95
      },
      "_position": {
        "__type__": "cc.Vec2",
        "x": -310,
        "y": 70
      }
    },
    {
      "__type__": "cc.Node",
      "_name": "Status",
      "_parent": {
        "__id__": 4
      },
      "_active": false,
      "_components": [
        {
          "__type__": "cc.Sprite",
          "node": {
            "__id__": 5
          },
          "_sizeMode": 0
        }
      ],
      "_prefab": {
        "__type__": "cc.PrefabInfo",
        "root": {
          "__id__": 4
        },
        "asset": {
          "__uuid__": "8f1wcNf7RDHoAQ5OeZ06d4"
        },
        "fileId": "4d7b8CWNm1LnbOkB8PzJwCQ"
      },
      "_contentSize": {
        "__type__": "cc.Size",
        "width": 62.9,
        "height": 61.2
      },
      "_position": {
        "__type__": "cc.Vec2",
        "x": -39,
        "y": 120.1
      },
      "groupIndex": 2
    },
    {
      "__type__": "cc.Node",
      "_name": "FloorJump",
      "_parent": {
        "__id__": 2
      },
      "_active": false,
      "_components": [
        {
          "__type__": "cc.Sprite",
          "node": {
            "__id__": 6
          },
          "_spriteFrame": {
            "__uuid__": "9bTCaxzXJKCqV1PsErKPFl"
          },
          "_sizeMode": 0
        },
        {
          "__type__": "d00f9JwtYlFD4fK42Es2sYv",
          "node": {
            "__id__": 6
          },
          "floorBaseSpeed": 0,
          "speedAddRate": 0
        },
        {
          "__type__": "cc.RigidBody",
          "node": {
            "__id__": 6
          },
          "_type": 0,
          "enabledContactListener": true
        },
        {
          "__type__": "cc.PhysicsBoxCollider",
          "node": {
            "__id__": 6
          },
          "_offset": {
            "__type__": "cc.Vec2",
            "x": 2
          },
          "_size": {
            "__type__": "cc.Size",
            "width": 180,
            "height": 1
          }
        }
      ],
      "_contentSize": {
        "__type__": "cc.Size",
        "width": 187,
        "height": 9
      },
      "_position": {
        "__type__": "cc.Vec2",
        "x": 277,
        "y": -62
      }
    },
    {
      "__type__": "cc.Node",
      "_name": "Skip",
      "_parent": {
        "__id__": 2
      },
      "_children": [
        {
          "__id__": 8
        }
      ],
      "_components": [
        {
          "__type__": "cc.Sprite",
          "node": {
            "__id__": 7
          },
          "_spriteFrame": {
            "__uuid__": "f0BIwQ8D5Ml7nTNQbh1YlS"
          },
          "_type": 1,
          "_sizeMode": 0
        },
        {
          "__type__": "cc.Button",
          "node": {
            "__id__": 7
          },
          "transition": 2,
          "pressedColor": {
            "__type__": "cc.Color",
            "r": 255,
            "g": 255,
            "b": 255
          },
          "pressedSprite": {
            "__uuid__": "e97GVMl6JHh5Ml5qEDdSGa"
          },
          "hoverSprite": {
            "__uuid__": "e97GVMl6JHh5Ml5qEDdSGa"
          },
          "clickEvents": [
            {
              "__type__": "cc.ClickEvent",
              "target": {
                "__id__": 2
              },
              "component": "tutorial",
              "handler": "skipTutorial"
            }
          ],
          "_N$normalColor": {
            "__type__": "cc.Color",
            "r": 255,
            "g": 255,
            "b": 255
          },
          "_N$disabledColor": {
            "__type__": "cc.Color",
            "r": 255,
            "g": 255,
            "b": 255
          },
          "_N$normalSprite": {
            "__uuid__": "f0BIwQ8D5Ml7nTNQbh1YlS"
          },
          "_N$disabledSprite": {
            "__uuid__": "29FYIk+N1GYaeWH/q1NxQO"
          },
          "_N$target": {
            "__id__": 7
          }
        }
      ],
      "_contentSize": {
        "__type__": "cc.Size",
        "width": 100,
        "height": 40
      },
      "_position": {
        "__type__": "cc.Vec2",
        "x": 351,
        "y": 266
      }
    },
    {
      "__type__": "cc.Node",
      "_name": "Label",
      "_parent": {
        "__id__": 7
      },
      "_components": [
        {
          "__type__": "cc.Label",
          "node": {
            "__id__": 8
          },
          "_useOriginalSize": false,
          "_actualFontSize": 20,
          "_fontSize": 20,
          "_enableWrapText": false,
          "_N$string": "SKIP",
          "_N$horizontalAlign": 1,
          "_N$verticalAlign": 1,
          "_N$overflow": 1
        }
      ],
      "_color": {
        "__type__": "cc.Color"
      },
      "_contentSize": {
        "__type__": "cc.Size",
        "width": 100,
        "height": 40
      }
    },
    {
      "__type__": "cc.Node",
      "_name": "TutorialText",
      "_parent": {
        "__id__": 2
      },
      "_components": [
        {
          "__id__": 10
        }
      ],
      "_contentSize": {
        "__type__": "cc.Size",
        "width": 810,
        "height": 226
      },
      "_position": {
        "__type__": "cc.Vec2",
        "x": 8,
        "y": 9
      }
    },
    {
      "__type__": "cc.Label",
      "node": {
        "__id__": 9
      },
      "_useOriginalSize": false,
      "_N$horizontalAlign": 1,
      "_N$verticalAlign": 1,
      "_N$overflow": 2
    }
  ],
  {
    "__type__": "cc.SpriteFrame",
    "content": {
      "name": "floor-long",
      "texture": "00fsGK95tPTbjIGCrfW2WV",
      "rect": [
        0,
        0,
        285,
        62
      ],
      "offset": [
        0,
        0
      ],
      "originalSize": [
        285,
        62
      ]
    }
  },
  {
    "__type__": "cc.SpriteFrame",
    "content": {
      "name": "player",
      "texture": "f662oBUylFM7N50j3uMXfg",
      "rect": [
        4,
        5,
        442,
        620
      ],
      "offset": [
        -0.5,
        -2
      ],
      "originalSize": [
        451,
        626
      ]
    }
  },
  {
    "__type__": "cc.SpriteFrame",
    "content": {
      "name": "default_btn_pressed",
      "texture": "b4P/PCArtIdIH38t6mlw8Y",
      "rect": [
        0,
        0,
        40,
        40
      ],
      "offset": [
        0,
        0
      ],
      "originalSize": [
        40,
        40
      ],
      "capInsets": [
        11,
        11,
        11,
        7
      ]
    }
  },
  {
    "__type__": "cc.SpriteFrame",
    "content": {
      "name": "default_btn_normal",
      "texture": "e8Ueib+qJEhL6mXAHdnwbi",
      "rect": [
        0,
        0,
        40,
        40
      ],
      "offset": [
        0,
        0
      ],
      "originalSize": [
        40,
        40
      ],
      "capInsets": [
        8,
        11,
        7,
        9
      ]
    }
  }
]