[
  {
    "__type__": "cc.AnimationClip",
    "_name": "player",
    "_duration": 0.35,
    "speed": 2,
    "wrapMode": 2,
    "curveData": {
      "comps": {
        "cc.Sprite": {
          "spriteFrame": [
            {
              "frame": 0,
              "value": {
                "__uuid__": "61HesHiGVGR5RS1wW2Nx0V"
              }
            },
            {
              "frame": 0,
              "value": {
                "__uuid__": "341kAE2u1IZJoAyqGeblY0"
              }
            },
            {
              "frame": 0.13333333333333333,
              "value": {
                "__uuid__": "341kAE2u1IZJoAyqGeblY0"
              }
            },
            {
              "frame": 0.16666666666666666,
              "value": {
                "__uuid__": "f7TT24zyZMg5+5XlykbaHP"
              }
            },
            {
              "frame": 0.21666666666666667,
              "value": {
                "__uuid__": "a2Tug8GrRFdrIZfuPy4Ate"
              }
            },
            {
              "frame": 0.3333333333333333,
              "value": {
                "__uuid__": "61HesHiGVGR5RS1wW2Nx0V"
              }
            }
          ]
        }
      }
    },
    "events": [
      {
        "frame": 0,
        "func": "",
        "params": []
      },
      {
        "frame": 0.16666666666666666,
        "func": "",
        "params": []
      }
    ]
  },
  {
    "__type__": "cc.SpriteFrame",
    "content": {
      "name": "player3",
      "texture": "c8NmdPvTdLf50qB90v7S7+",
      "rect": [
        4,
        5,
        442,
        582
      ],
      "offset": [
        -0.5,
        17
      ],
      "originalSize": [
        451,
        626
      ]
    }
  },
  {
    "__type__": "cc.SpriteFrame",
    "content": {
      "name": "player4",
      "texture": "19zJEYJmZK8qJn98i32Rvu",
      "rect": [
        4,
        5,
        442,
        618
      ],
      "offset": [
        -0.5,
        -1
      ],
      "originalSize": [
        451,
        626
      ]
    }
  },
  {
    "__type__": "cc.SpriteFrame",
    "content": {
      "name": "player",
      "texture": "f662oBUylFM7N50j3uMXfg",
      "rect": [
        4,
        5,
        442,
        620
      ],
      "offset": [
        -0.5,
        -2
      ],
      "originalSize": [
        451,
        626
      ]
    }
  },
  {
    "__type__": "cc.SpriteFrame",
    "content": {
      "name": "player5",
      "texture": "3cDN0j4vxNM7Tawv7L9YE9",
      "rect": [
        4,
        5,
        442,
        620
      ],
      "offset": [
        -0.5,
        -2
      ],
      "originalSize": [
        451,
        626
      ]
    }
  }
]